<?xml version="1.0" encoding="UTF-8" standalone="yes"?>
<addon id="plugin.video.swankodi1.0" name="swankodi" version="1.0" provider-name="Swannie">
  <requires>
    <import addon="xbmc.python" version="2.1.0"/>
  </requires>
  <extension point="xbmc.python.pluginsource" library="default.py">
        <provides>video executable</provides>
  </extension>
  <extension point="xbmc.addon.metadata">
    <summary lang="en">SwanKodi</summary>
    <description lang="en">SwanKodi</description>
    <platform>all</platform>
  </extension>
</addon>
